{
  "valence": {
    "r2": 0.06928343533712866,
    "pearson": 0.28433810549259825,
    "mse": 0.09548746118775821,
    "rmse": 0.3090104548195064
  },
  "arousal": {
    "r2": 0.07104434400375048,
    "pearson": 0.2861715334837591,
    "mse": 0.2165729875894763,
    "rmse": 0.4653740297754875
  },
  "mean": {
    "r2": 0.07016388967043957,
    "pearson": 0.28525481948817866,
    "mse": 0.15603022438861724,
    "rmse": 0.38719224229749694
  }
}