{
  "valence": {
    "r2": 0.023524311922958674,
    "pearson": 0.23561668266678623,
    "mse": 0.10018214771950497,
    "rmse": 0.31651563582152614
  },
  "arousal": {
    "r2": 0.04598501854542847,
    "pearson": 0.2608214907188551,
    "mse": 0.22241521799784328,
    "rmse": 0.4716091792976927
  },
  "mean": {
    "r2": 0.03475466523419357,
    "pearson": 0.24821908669282067,
    "mse": 0.16129868285867413,
    "rmse": 0.3940624075596094
  }
}