{
  "valence": {
    "r2": -0.0005314750307370275,
    "pearson": 0.18718818154874417,
    "mse": 0.09463367670922664,
    "rmse": 0.3076258713262372
  },
  "arousal": {
    "r2": 0.06427644892764228,
    "pearson": 0.2842574833276999,
    "mse": 0.21163190995420406,
    "rmse": 0.460034683425287
  },
  "mean": {
    "r2": 0.03187248694845263,
    "pearson": 0.23572283243822204,
    "mse": 0.15313279333171534,
    "rmse": 0.38383027737576214
  }
}