{
    "id": 0,
    "set": 1,
    "name": "ACCEDE00000.mp4",
    "valenceRank": 3755,
    "arousalRank": 787,
    "valenceValue": 2.76433958524,
    "arousalValue": 1.36693759775,
    "valenceVariance": 0.118453408618,
    "arousalVariance": 0.14890605749
}