{
    "id": 613,
    "set": 2,
    "name": "ACCEDE00613.mp4",
    "valenceRank": 8491,
    "arousalRank": 2154,
    "valenceValue": 3.42447987482,
    "arousalValue": 1.53953101356,
    "valenceVariance": 0.10397182808,
    "arousalVariance": 0.118066537645
}