{
    "id": 30,
    "set": 1,
    "name": "ACCEDE00030.mp4",
    "valenceRank": 941,
    "arousalRank": 3103,
    "valenceValue": 1.73822910422,
    "arousalValue": 1.72436778631,
    "valenceVariance": 0.0947958897406,
    "arousalVariance": 0.137976157435
}