{
    "id": 628,
    "set": 2,
    "name": "ACCEDE00628.mp4",
    "valenceRank": 1110,
    "arousalRank": 9379,
    "valenceValue": 1.81075192571,
    "arousalValue": 4.28813483419,
    "valenceVariance": 0.0970635473847,
    "arousalVariance": 0.183713905986
}