{
    "id": 868,
    "set": 2,
    "name": "ACCEDE00868.mp4",
    "valenceRank": 764,
    "arousalRank": 4995,
    "valenceValue": 1.66164213795,
    "arousalValue": 2.25188353128,
    "valenceVariance": 0.0935159128491,
    "arousalVariance": 0.166452996778
}