{
    "id": 438,
    "set": 0,
    "name": "ACCEDE00438.mp4",
    "valenceRank": 239,
    "arousalRank": 7339,
    "valenceValue": 1.4323824506,
    "arousalValue": 3.19915286492,
    "valenceVariance": 0.100895311181,
    "arousalVariance": 0.13901399689
}