{
    "id": 434,
    "set": 0,
    "name": "ACCEDE00434.mp4",
    "valenceRank": 6982,
    "arousalRank": 52,
    "valenceValue": 3.28519928071,
    "arousalValue": 1.31984265844,
    "valenceVariance": 0.103252866592,
    "arousalVariance": 0.208052941967
}