{
    "id": 36,
    "set": 1,
    "name": "ACCEDE00036.mp4",
    "valenceRank": 2765,
    "arousalRank": 3259,
    "valenceValue": 2.45941442487,
    "arousalValue": 1.75985133786,
    "valenceVariance": 0.120269090454,
    "arousalVariance": 0.141751732994
}