{
    "id": 7,
    "set": 1,
    "name": "ACCEDE00007.mp4",
    "valenceRank": 6413,
    "arousalRank": 2737,
    "valenceValue": 3.23061890905,
    "arousalValue": 1.64676970366,
    "valenceVariance": 0.10510442455,
    "arousalVariance": 0.12910113896
}