{
    "id": 402,
    "set": 0,
    "name": "ACCEDE00402.mp4",
    "valenceRank": 1076,
    "arousalRank": 7133,
    "valenceValue": 1.79621644762,
    "arousalValue": 3.10287413822,
    "valenceVariance": 0.0965456077928,
    "arousalVariance": 0.142254652441
}