{
    "id": 417,
    "set": 0,
    "name": "ACCEDE00417.mp4",
    "valenceRank": 8319,
    "arousalRank": 6161,
    "valenceValue": 3.40684659855,
    "arousalValue": 2.68246050795,
    "valenceVariance": 0.101962024538,
    "arousalVariance": 0.158621285615
}