{
    "id": 441,
    "set": 0,
    "name": "ACCEDE00441.mp4",
    "valenceRank": 841,
    "arousalRank": 6221,
    "valenceValue": 1.69502795895,
    "arousalValue": 2.70679321393,
    "valenceVariance": 0.0939045458724,
    "arousalVariance": 0.157755664546
}