{
    "id": 397,
    "set": 0,
    "name": "ACCEDE00397.mp4",
    "valenceRank": 2968,
    "arousalRank": 5268,
    "valenceValue": 2.52792445973,
    "arousalValue": 2.34548427119,
    "valenceVariance": 0.120770782515,
    "arousalVariance": 0.166356675149
}