{
    "id": 47,
    "set": 1,
    "name": "ACCEDE00047.mp4",
    "valenceRank": 7365,
    "arousalRank": 5619,
    "valenceValue": 3.31919658733,
    "arousalValue": 2.47230734962,
    "valenceVariance": 0.101740120868,
    "arousalVariance": 0.164591398279
}