{
    "id": 415,
    "set": 0,
    "name": "ACCEDE00415.mp4",
    "valenceRank": 150,
    "arousalRank": 9577,
    "valenceValue": 1.39343311994,
    "arousalValue": 4.40693884688,
    "valenceVariance": 0.104274033653,
    "arousalVariance": 0.198686886609
}