{
    "id": 616,
    "set": 2,
    "name": "ACCEDE00616.mp4",
    "valenceRank": 678,
    "arousalRank": 1815,
    "valenceValue": 1.62424931079,
    "arousalValue": 1.4864206167,
    "valenceVariance": 0.0934440285375,
    "arousalVariance": 0.116243729347
}