{
    "id": 606,
    "set": 2,
    "name": "ACCEDE00606.mp4",
    "valenceRank": 4827,
    "arousalRank": 5486,
    "valenceValue": 3.00865927879,
    "arousalValue": 2.42339416713,
    "valenceVariance": 0.111099105642,
    "arousalVariance": 0.165470766077
}