{
    "id": 11,
    "set": 1,
    "name": "ACCEDE00011.mp4",
    "valenceRank": 4299,
    "arousalRank": 4700,
    "valenceValue": 2.89939641164,
    "arousalValue": 2.15569671246,
    "valenceVariance": 0.114723157224,
    "arousalVariance": 0.165258218847
}