{
    "id": 433,
    "set": 0,
    "name": "ACCEDE00433.mp4",
    "valenceRank": 197,
    "arousalRank": 8733,
    "valenceValue": 1.41399916666,
    "arousalValue": 3.91665081727,
    "valenceVariance": 0.102406328575,
    "arousalVariance": 0.148345321368
}