{
    "id": 874,
    "set": 2,
    "name": "ACCEDE00874.mp4",
    "valenceRank": 227,
    "arousalRank": 4400,
    "valenceValue": 1.42712973089,
    "arousalValue": 2.06316007848,
    "valenceVariance": 0.10131185668,
    "arousalVariance": 0.162662044577
}