{
    "id": 617,
    "set": 2,
    "name": "ACCEDE00617.mp4",
    "valenceRank": 8369,
    "arousalRank": 563,
    "valenceValue": 3.41188870396,
    "arousalValue": 1.34919872817,
    "valenceVariance": 0.102445924999,
    "arousalVariance": 0.164181123768
}