{
    "id": 414,
    "set": 0,
    "name": "ACCEDE00414.mp4",
    "valenceRank": 3552,
    "arousalRank": 2876,
    "valenceValue": 2.70795157941,
    "arousalValue": 1.67530659836,
    "valenceVariance": 0.119551733226,
    "arousalVariance": 0.13242432632
}