{
    "id": 31,
    "set": 1,
    "name": "ACCEDE00031.mp4",
    "valenceRank": 1011,
    "arousalRank": 1415,
    "valenceValue": 1.76834865973,
    "arousalValue": 1.43249805639,
    "valenceVariance": 0.095635858163,
    "arousalVariance": 0.12143708275
}