{
    "id": 605,
    "set": 2,
    "name": "ACCEDE00605.mp4",
    "valenceRank": 1856,
    "arousalRank": 5805,
    "valenceValue": 2.11994505341,
    "arousalValue": 2.54246749752,
    "valenceVariance": 0.110664817367,
    "arousalVariance": 0.162953389918
}