{
    "id": 418,
    "set": 0,
    "name": "ACCEDE00418.mp4",
    "valenceRank": 5650,
    "arousalRank": 1655,
    "valenceValue": 3.14062906232,
    "arousalValue": 1.46371562619,
    "valenceVariance": 0.107226768673,
    "arousalVariance": 0.11724389547
}