{
    "id": 862,
    "set": 2,
    "name": "ACCEDE00862.mp4",
    "valenceRank": 9688,
    "arousalRank": 3318,
    "valenceValue": 3.57680041613,
    "arousalValue": 1.77364665255,
    "valenceVariance": 0.155628817008,
    "arousalVariance": 0.143151833058
}