{
    "id": 618,
    "set": 2,
    "name": "ACCEDE00618.mp4",
    "valenceRank": 6777,
    "arousalRank": 6973,
    "valenceValue": 3.26633005128,
    "arousalValue": 3.02982689409,
    "valenceVariance": 0.103991119668,
    "arousalVariance": 0.145009651513
}