{
    "id": 460,
    "set": 0,
    "name": "ACCEDE00460.mp4",
    "valenceRank": 8156,
    "arousalRank": 4754,
    "valenceValue": 3.39084029582,
    "arousalValue": 2.17291880496,
    "valenceVariance": 0.10087654362,
    "arousalVariance": 0.16557826832
}