{
    "id": 442,
    "set": 0,
    "name": "ACCEDE00442.mp4",
    "valenceRank": 7514,
    "arousalRank": 4291,
    "valenceValue": 3.33228849773,
    "arousalValue": 2.03085725063,
    "valenceVariance": 0.101185448968,
    "arousalVariance": 0.161381962636
}