{
    "id": 43,
    "set": 1,
    "name": "ACCEDE00043.mp4",
    "valenceRank": 2320,
    "arousalRank": 903,
    "valenceValue": 2.29943360351,
    "arousalValue": 1.37729053012,
    "valenceVariance": 0.117089447149,
    "arousalVariance": 0.142067296429
}