{
    "id": 425,
    "set": 0,
    "name": "ACCEDE00425.mp4",
    "valenceRank": 2,
    "arousalRank": 4663,
    "valenceValue": 1.32874556678,
    "arousalValue": 2.14399599398,
    "valenceVariance": 0.111374173999,
    "arousalVariance": 0.165012790104
}