{
    "id": 879,
    "set": 2,
    "name": "ACCEDE00879.mp4",
    "valenceRank": 4804,
    "arousalRank": 7587,
    "valenceValue": 3.00432791356,
    "arousalValue": 3.31839198442,
    "valenceVariance": 0.111242692197,
    "arousalVariance": 0.135929366224
}