{
    "id": 407,
    "set": 0,
    "name": "ACCEDE00407.mp4",
    "valenceRank": 393,
    "arousalRank": 3579,
    "valenceValue": 1.4997919129,
    "arousalValue": 1.83714411082,
    "valenceVariance": 0.0966094711903,
    "arousalVariance": 0.149052767959
}