{
    "id": 611,
    "set": 2,
    "name": "ACCEDE00611.mp4",
    "valenceRank": 9108,
    "arousalRank": 6065,
    "valenceValue": 3.49570475643,
    "arousalValue": 2.6439712054,
    "valenceVariance": 0.121361037129,
    "arousalVariance": 0.159930746623
}