{
    "id": 44,
    "set": 1,
    "name": "ACCEDE00044.mp4",
    "valenceRank": 2969,
    "arousalRank": 5321,
    "valenceValue": 2.52825462901,
    "arousalValue": 2.36416696925,
    "valenceVariance": 0.12077190428,
    "arousalVariance": 0.166206248419
}