{
    "id": 15,
    "set": 1,
    "name": "ACCEDE00015.mp4",
    "valenceRank": 1105,
    "arousalRank": 2881,
    "valenceValue": 1.80861621609,
    "arousalValue": 1.67635440473,
    "valenceVariance": 0.0969857449098,
    "arousalVariance": 0.13254568807
}