{
    "id": 19,
    "set": 1,
    "name": "ACCEDE00019.mp4",
    "valenceRank": 9274,
    "arousalRank": 2440,
    "valenceValue": 3.51738358167,
    "arousalValue": 1.58962587957,
    "valenceVariance": 0.129311867025,
    "arousalVariance": 0.122647468566
}