{
    "id": 435,
    "set": 0,
    "name": "ACCEDE00435.mp4",
    "valenceRank": 4229,
    "arousalRank": 7281,
    "valenceValue": 2.88332113206,
    "arousalValue": 3.17179132633,
    "valenceVariance": 0.115230407176,
    "arousalVariance": 0.139878556489
}