{
    "id": 426,
    "set": 0,
    "name": "ACCEDE00426.mp4",
    "valenceRank": 1592,
    "arousalRank": 9684,
    "valenceValue": 2.01298877709,
    "arousalValue": 4.47210643942,
    "valenceVariance": 0.105896171501,
    "arousalVariance": 0.207513713802
}