{
    "id": 45,
    "set": 1,
    "name": "ACCEDE00045.mp4",
    "valenceRank": 619,
    "arousalRank": 5010,
    "valenceValue": 1.59854224404,
    "arousalValue": 2.25691194494,
    "valenceVariance": 0.0936440850859,
    "arousalVariance": 0.166477546522
}