{
    "id": 872,
    "set": 2,
    "name": "ACCEDE00872.mp4",
    "valenceRank": 868,
    "arousalRank": 9665,
    "valenceValue": 1.70671084981,
    "arousalValue": 4.46048516202,
    "valenceVariance": 0.094105258988,
    "arousalVariance": 0.205909848014
}