{
    "id": 437,
    "set": 0,
    "name": "ACCEDE00437.mp4",
    "valenceRank": 7869,
    "arousalRank": 7085,
    "valenceValue": 3.36398760873,
    "arousalValue": 3.08080092962,
    "valenceVariance": 0.100371768164,
    "arousalVariance": 0.143065740301
}