{
    "id": 6,
    "set": 1,
    "name": "ACCEDE00006.mp4",
    "valenceRank": 8492,
    "arousalRank": 6256,
    "valenceValue": 3.42458485344,
    "arousalValue": 2.72108565413,
    "valenceVariance": 0.103986502173,
    "arousalVariance": 0.157235027504
}