{
    "id": 29,
    "set": 1,
    "name": "ACCEDE00029.mp4",
    "valenceRank": 3775,
    "arousalRank": 4256,
    "valenceValue": 2.7697188756,
    "arousalValue": 2.02063387859,
    "valenceVariance": 0.118332573579,
    "arousalVariance": 0.160933876981
}