{
    "id": 10,
    "set": 1,
    "name": "ACCEDE00010.mp4",
    "valenceRank": 5994,
    "arousalRank": 1123,
    "valenceValue": 3.18430784681,
    "arousalValue": 1.39911213704,
    "valenceVariance": 0.106214393378,
    "arousalVariance": 0.13124727938
}