{
    "id": 622,
    "set": 2,
    "name": "ACCEDE00622.mp4",
    "valenceRank": 704,
    "arousalRank": 7608,
    "valenceValue": 1.63556464179,
    "arousalValue": 3.32865595672,
    "valenceVariance": 0.0934222335512,
    "arousalVariance": 0.135724599194
}