{
    "id": 410,
    "set": 0,
    "name": "ACCEDE00410.mp4",
    "valenceRank": 1615,
    "arousalRank": 7898,
    "valenceValue": 2.02242820921,
    "arousalValue": 3.47306456967,
    "valenceVariance": 0.106331222678,
    "arousalVariance": 0.134112250925
}