{
    "id": 876,
    "set": 2,
    "name": "ACCEDE00876.mp4",
    "valenceRank": 3868,
    "arousalRank": 8717,
    "valenceValue": 2.79431643818,
    "arousalValue": 3.90776331231,
    "valenceVariance": 0.117746748968,
    "arousalVariance": 0.147746733418
}