{
    "id": 873,
    "set": 2,
    "name": "ACCEDE00873.mp4",
    "valenceRank": 493,
    "arousalRank": 9158,
    "valenceValue": 1.54352911087,
    "arousalValue": 4.15826966295,
    "valenceVariance": 0.094838870368,
    "arousalVariance": 0.169208904668
}