{
    "id": 458,
    "set": 0,
    "name": "ACCEDE00458.mp4",
    "valenceRank": 9673,
    "arousalRank": 1853,
    "valenceValue": 3.5745080788,
    "arousalValue": 1.49203563035,
    "valenceVariance": 0.154516005154,
    "arousalVariance": 0.11619842125
}