{
    "id": 623,
    "set": 2,
    "name": "ACCEDE00623.mp4",
    "valenceRank": 1683,
    "arousalRank": 9475,
    "valenceValue": 2.05020590308,
    "arousalValue": 4.34544710814,
    "valenceVariance": 0.10760049126,
    "arousalVariance": 0.190747765509
}