{
    "id": 864,
    "set": 2,
    "name": "ACCEDE00864.mp4",
    "valenceRank": 4841,
    "arousalRank": 4945,
    "valenceValue": 3.01127732017,
    "arousalValue": 2.23521829544,
    "valenceVariance": 0.111012562251,
    "arousalVariance": 0.166345904627
}