{
    "id": 601,
    "set": 2,
    "name": "ACCEDE00601.mp4",
    "valenceRank": 4563,
    "arousalRank": 5216,
    "valenceValue": 2.95663336729,
    "arousalValue": 2.32731559713,
    "valenceVariance": 0.112840544125,
    "arousalVariance": 0.166463036197
}