{
    "id": 440,
    "set": 0,
    "name": "ACCEDE00440.mp4",
    "valenceRank": 3551,
    "arousalRank": 7165,
    "valenceValue": 2.70766577183,
    "arousalValue": 3.11766534174,
    "valenceVariance": 0.119556485859,
    "arousalVariance": 0.141723498055
}