{
    "id": 866,
    "set": 2,
    "name": "ACCEDE00866.mp4",
    "valenceRank": 9386,
    "arousalRank": 8721,
    "valenceValue": 3.53268539755,
    "arousalValue": 3.90998376859,
    "valenceVariance": 0.135520245206,
    "arousalVariance": 0.147895100953
}