{
    "id": 33,
    "set": 1,
    "name": "ACCEDE00033.mp4",
    "valenceRank": 6887,
    "arousalRank": 1515,
    "valenceValue": 3.27653988757,
    "arousalValue": 1.44509122273,
    "valenceVariance": 0.103604906318,
    "arousalVariance": 0.119277674641
}