{
    "id": 32,
    "set": 1,
    "name": "ACCEDE00032.mp4",
    "valenceRank": 5425,
    "arousalRank": 4533,
    "valenceValue": 3.10870840931,
    "arousalValue": 2.10352759677,
    "valenceVariance": 0.108044901483,
    "arousalVariance": 0.163982860585
}