{
    "id": 432,
    "set": 0,
    "name": "ACCEDE00432.mp4",
    "valenceRank": 1514,
    "arousalRank": 2331,
    "valenceValue": 1.98081762169,
    "arousalValue": 1.5699630459,
    "valenceVariance": 0.10440652112,
    "arousalVariance": 0.120654548158
}