{
    "id": 25,
    "set": 1,
    "name": "ACCEDE00025.mp4",
    "valenceRank": 472,
    "arousalRank": 9683,
    "valenceValue": 1.53434860023,
    "arousalValue": 4.47149426076,
    "valenceVariance": 0.0951476755916,
    "arousalVariance": 0.207428911704
}