{
    "id": 619,
    "set": 2,
    "name": "ACCEDE00619.mp4",
    "valenceRank": 8324,
    "arousalRank": 7875,
    "valenceValue": 3.4073478632,
    "arousalValue": 3.46142980682,
    "valenceVariance": 0.102006968732,
    "arousalVariance": 0.134146079281
}