{
    "id": 436,
    "set": 0,
    "name": "ACCEDE00436.mp4",
    "valenceRank": 1388,
    "arousalRank": 7419,
    "valenceValue": 1.92835876497,
    "arousalValue": 3.23721950861,
    "valenceVariance": 0.101991085624,
    "arousalVariance": 0.137899905715
}