{
    "id": 427,
    "set": 0,
    "name": "ACCEDE00427.mp4",
    "valenceRank": 3838,
    "arousalRank": 3213,
    "valenceValue": 2.7864565971,
    "arousalValue": 1.74923855207,
    "valenceVariance": 0.117939758588,
    "arousalVariance": 0.140647884707
}