{
    "id": 48,
    "set": 1,
    "name": "ACCEDE00048.mp4",
    "valenceRank": 6215,
    "arousalRank": 2344,
    "valenceValue": 3.20955577912,
    "arousalValue": 1.57227123559,
    "valenceVariance": 0.105634053736,
    "arousalVariance": 0.120878125645
}