{
    "id": 614,
    "set": 2,
    "name": "ACCEDE00614.mp4",
    "valenceRank": 3103,
    "arousalRank": 4421,
    "valenceValue": 2.57183337439,
    "arousalValue": 2.0694643192,
    "valenceVariance": 0.120810367524,
    "arousalVariance": 0.162888354194
}