{
    "id": 400,
    "set": 0,
    "name": "ACCEDE00400.mp4",
    "valenceRank": 2472,
    "arousalRank": 9017,
    "valenceValue": 2.35552128055,
    "arousalValue": 4.0769244571,
    "valenceVariance": 0.118510893445,
    "arousalVariance": 0.161237147852
}