{
    "id": 28,
    "set": 1,
    "name": "ACCEDE00028.mp4",
    "valenceRank": 4755,
    "arousalRank": 5189,
    "valenceValue": 2.99497382343,
    "arousalValue": 2.31794496193,
    "valenceVariance": 0.111554251493,
    "arousalVariance": 0.16650204945
}