{
    "id": 431,
    "set": 0,
    "name": "ACCEDE00431.mp4",
    "valenceRank": 5085,
    "arousalRank": 1134,
    "valenceValue": 3.05471474736,
    "arousalValue": 1.40027838641,
    "valenceVariance": 0.10961632506,
    "arousalVariance": 0.130782618839
}