{
    "id": 867,
    "set": 2,
    "name": "ACCEDE00867.mp4",
    "valenceRank": 965,
    "arousalRank": 2892,
    "valenceValue": 1.7485677858,
    "arousalValue": 1.67866478527,
    "valenceVariance": 0.0950658354224,
    "arousalVariance": 0.132812995049
}