{
    "id": 863,
    "set": 2,
    "name": "ACCEDE00863.mp4",
    "valenceRank": 8519,
    "arousalRank": 1903,
    "valenceValue": 3.42743059436,
    "arousalValue": 1.49955396904,
    "valenceVariance": 0.104396771074,
    "arousalVariance": 0.11624354093
}