{
    "id": 420,
    "set": 0,
    "name": "ACCEDE00420.mp4",
    "valenceRank": 4394,
    "arousalRank": 3721,
    "valenceValue": 2.92060633496,
    "arousalValue": 1.87338350664,
    "valenceVariance": 0.114036796101,
    "arousalVariance": 0.152003507798
}