{
    "id": 422,
    "set": 0,
    "name": "ACCEDE00422.mp4",
    "valenceRank": 934,
    "arousalRank": 7596,
    "valenceValue": 1.73521139016,
    "arousalValue": 3.32278763479,
    "valenceVariance": 0.0947209426355,
    "arousalVariance": 0.135840360587
}