{
    "id": 428,
    "set": 0,
    "name": "ACCEDE00428.mp4",
    "valenceRank": 4871,
    "arousalRank": 4587,
    "valenceValue": 3.01684065244,
    "arousalValue": 2.12021613995,
    "valenceVariance": 0.110829344316,
    "arousalVariance": 0.164442255262
}