{
    "id": 398,
    "set": 0,
    "name": "ACCEDE00398.mp4",
    "valenceRank": 5250,
    "arousalRank": 1539,
    "valenceValue": 3.08182736361,
    "arousalValue": 1.44820162005,
    "valenceVariance": 0.108799441087,
    "arousalVariance": 0.118848327548
}