{
    "id": 406,
    "set": 0,
    "name": "ACCEDE00406.mp4",
    "valenceRank": 3026,
    "arousalRank": 5794,
    "valenceValue": 2.54695352191,
    "arousalValue": 2.53826129521,
    "valenceVariance": 0.120815053819,
    "arousalVariance": 0.163062989452
}