{
    "id": 12,
    "set": 1,
    "name": "ACCEDE00012.mp4",
    "valenceRank": 7002,
    "arousalRank": 562,
    "valenceValue": 3.28700639515,
    "arousalValue": 1.34912619285,
    "valenceVariance": 0.10317678608,
    "arousalVariance": 0.164255140881
}