{
    "id": 621,
    "set": 2,
    "name": "ACCEDE00621.mp4",
    "valenceRank": 2721,
    "arousalRank": 1516,
    "valenceValue": 2.44418229661,
    "arousalValue": 1.44522014223,
    "valenceVariance": 0.120085408459,
    "arousalVariance": 0.119259105475
}