{
    "id": 405,
    "set": 0,
    "name": "ACCEDE00405.mp4",
    "valenceRank": 2888,
    "arousalRank": 4387,
    "valenceValue": 2.50127638813,
    "arousalValue": 2.05927052872,
    "valenceVariance": 0.120639126883,
    "arousalVariance": 0.162518638387
}