{
    "id": 607,
    "set": 2,
    "name": "ACCEDE00607.mp4",
    "valenceRank": 5000,
    "arousalRank": 7517,
    "valenceValue": 3.04004642791,
    "arousalValue": 3.28436718375,
    "valenceVariance": 0.110077811052,
    "arousalVariance": 0.13668242387
}