{
    "id": 21,
    "set": 1,
    "name": "ACCEDE00021.mp4",
    "valenceRank": 3446,
    "arousalRank": 4765,
    "valenceValue": 2.6772202641,
    "arousalValue": 2.17644816046,
    "valenceVariance": 0.120013588571,
    "arousalVariance": 0.165637903985
}