{
    "id": 22,
    "set": 1,
    "name": "ACCEDE00022.mp4",
    "valenceRank": 7007,
    "arousalRank": 7749,
    "valenceValue": 3.28745738886,
    "arousalValue": 3.39824692212,
    "valenceVariance": 0.103157668181,
    "arousalVariance": 0.134635833225
}