{
    "id": 16,
    "set": 1,
    "name": "ACCEDE00016.mp4",
    "valenceRank": 3458,
    "arousalRank": 886,
    "valenceValue": 2.68074333739,
    "arousalValue": 1.37572350276,
    "valenceVariance": 0.119965734676,
    "arousalVariance": 0.14302182704
}