{
    "id": 46,
    "set": 1,
    "name": "ACCEDE00046.mp4",
    "valenceRank": 2092,
    "arousalRank": 4859,
    "valenceValue": 2.21271013814,
    "arousalValue": 2.2069000863,
    "valenceVariance": 0.114305485368,
    "arousalVariance": 0.16607064112
}