{
    "id": 602,
    "set": 2,
    "name": "ACCEDE00602.mp4",
    "valenceRank": 2513,
    "arousalRank": 2134,
    "valenceValue": 2.37040078716,
    "arousalValue": 1.53620892073,
    "valenceVariance": 0.118834034126,
    "arousalVariance": 0.117834285871
}