{
    "id": 608,
    "set": 2,
    "name": "ACCEDE00608.mp4",
    "valenceRank": 7715,
    "arousalRank": 3302,
    "valenceValue": 3.35009512143,
    "arousalValue": 1.76988519753,
    "valenceVariance": 0.100596354672,
    "arousalVariance": 0.142774066449
}