{
    "id": 626,
    "set": 2,
    "name": "ACCEDE00626.mp4",
    "valenceRank": 300,
    "arousalRank": 5555,
    "valenceValue": 1.45908581462,
    "arousalValue": 2.44863954293,
    "valenceVariance": 0.0989643016719,
    "arousalVariance": 0.165045809554
}