{
    "id": 870,
    "set": 2,
    "name": "ACCEDE00870.mp4",
    "valenceRank": 6742,
    "arousalRank": 8047,
    "valenceValue": 3.26303372689,
    "arousalValue": 3.54919573811,
    "valenceVariance": 0.104108918398,
    "arousalVariance": 0.134356463778
}