{
    "id": 413,
    "set": 0,
    "name": "ACCEDE00413.mp4",
    "valenceRank": 5477,
    "arousalRank": 3502,
    "valenceValue": 3.11634135728,
    "arousalValue": 1.81799201988,
    "valenceVariance": 0.107841615462,
    "arousalVariance": 0.147369810949
}