{
    "id": 37,
    "set": 1,
    "name": "ACCEDE00037.mp4",
    "valenceRank": 3936,
    "arousalRank": 7710,
    "valenceValue": 2.8118681689,
    "arousalValue": 3.37888067815,
    "valenceVariance": 0.117296878876,
    "arousalVariance": 0.134884047432
}