{
    "id": 620,
    "set": 2,
    "name": "ACCEDE00620.mp4",
    "valenceRank": 4590,
    "arousalRank": 4926,
    "valenceValue": 2.96218967163,
    "arousalValue": 2.22892428843,
    "valenceVariance": 0.112654129077,
    "arousalVariance": 0.166295008438
}