{
    "id": 13,
    "set": 1,
    "name": "ACCEDE00013.mp4",
    "valenceRank": 6928,
    "arousalRank": 7706,
    "valenceValue": 3.28029329525,
    "arousalValue": 3.37689948491,
    "valenceVariance": 0.103454955334,
    "arousalVariance": 0.134911901679
}