{
    "id": 625,
    "set": 2,
    "name": "ACCEDE00625.mp4",
    "valenceRank": 840,
    "arousalRank": 6651,
    "valenceValue": 1.69459501038,
    "arousalValue": 2.88741063286,
    "valenceVariance": 0.0938977222102,
    "arousalVariance": 0.150726821325
}