{
    "id": 462,
    "set": 0,
    "name": "ACCEDE00462.mp4",
    "valenceRank": 7224,
    "arousalRank": 1659,
    "valenceValue": 3.30679002646,
    "arousalValue": 1.4642647915,
    "valenceVariance": 0.10230098124,
    "arousalVariance": 0.117202168188
}