{
    "id": 610,
    "set": 2,
    "name": "ACCEDE00610.mp4",
    "valenceRank": 8810,
    "arousalRank": 1348,
    "valenceValue": 3.45959152065,
    "arousalValue": 1.42439163305,
    "valenceVariance": 0.110722193665,
    "arousalVariance": 0.123223698846
}