{
    "id": 401,
    "set": 0,
    "name": "ACCEDE00401.mp4",
    "valenceRank": 517,
    "arousalRank": 4413,
    "valenceValue": 1.55401762376,
    "arousalValue": 2.06705962711,
    "valenceVariance": 0.0945256108698,
    "arousalVariance": 0.162802921028
}