{
    "id": 609,
    "set": 2,
    "name": "ACCEDE00609.mp4",
    "valenceRank": 8945,
    "arousalRank": 8424,
    "valenceValue": 3.47552455194,
    "arousalValue": 3.74768918603,
    "valenceVariance": 0.114981007748,
    "arousalVariance": 0.139170814546
}