{
    "id": 26,
    "set": 1,
    "name": "ACCEDE00026.mp4",
    "valenceRank": 1104,
    "arousalRank": 8824,
    "valenceValue": 1.80818899628,
    "arousalValue": 3.96748654629,
    "valenceVariance": 0.0969702499333,
    "arousalVariance": 0.152009521361
}