{
    "id": 2,
    "set": 1,
    "name": "ACCEDE00002.mp4",
    "valenceRank": 5043,
    "arousalRank": 3591,
    "valenceValue": 3.04752770002,
    "arousalValue": 1.84016044633,
    "valenceVariance": 0.109840928472,
    "arousalVariance": 0.14931005472
}