{
    "id": 630,
    "set": 2,
    "name": "ACCEDE00630.mp4",
    "valenceRank": 1378,
    "arousalRank": 2824,
    "valenceValue": 1.92417090898,
    "arousalValue": 1.66449709447,
    "valenceVariance": 0.101800997877,
    "arousalVariance": 0.131168371954
}