{
    "id": 880,
    "set": 2,
    "name": "ACCEDE00880.mp4",
    "valenceRank": 9065,
    "arousalRank": 9101,
    "valenceValue": 3.49027737561,
    "arousalValue": 4.12524378991,
    "valenceVariance": 0.119542615554,
    "arousalVariance": 0.165863230585
}