{
    "id": 1,
    "set": 1,
    "name": "ACCEDE00001.mp4",
    "valenceRank": 6711,
    "arousalRank": 6428,
    "valenceValue": 3.26009295274,
    "arousalValue": 2.79237604301,
    "valenceVariance": 0.10421119268,
    "arousalVariance": 0.154526469488
}