{
    "id": 4,
    "set": 1,
    "name": "ACCEDE00004.mp4",
    "valenceRank": 5014,
    "arousalRank": 4463,
    "valenceValue": 3.04249595674,
    "arousalValue": 2.08215107585,
    "valenceVariance": 0.109999921942,
    "arousalVariance": 0.163321069388
}