{
    "id": 24,
    "set": 1,
    "name": "ACCEDE00024.mp4",
    "valenceRank": 5597,
    "arousalRank": 555,
    "valenceValue": 3.13336454008,
    "arousalValue": 1.34862010216,
    "valenceVariance": 0.1074057414,
    "arousalVariance": 0.164774661078
}