{
    "id": 612,
    "set": 2,
    "name": "ACCEDE00612.mp4",
    "valenceRank": 4147,
    "arousalRank": 3377,
    "valenceValue": 2.86400413242,
    "arousalValue": 1.78764792033,
    "valenceVariance": 0.115821945137,
    "arousalVariance": 0.144531056128
}