{
    "id": 39,
    "set": 1,
    "name": "ACCEDE00039.mp4",
    "valenceRank": 8577,
    "arousalRank": 985,
    "valenceValue": 3.43361902526,
    "arousalValue": 1.38508928308,
    "valenceVariance": 0.105372566414,
    "arousalVariance": 0.137698516025
}