{
    "id": 17,
    "set": 1,
    "name": "ACCEDE00017.mp4",
    "valenceRank": 3956,
    "arousalRank": 1719,
    "valenceValue": 2.81696077526,
    "arousalValue": 1.47261586777,
    "valenceVariance": 0.117161646464,
    "arousalVariance": 0.116681415171
}