{
    "id": 50,
    "set": 1,
    "name": "ACCEDE00050.mp4",
    "valenceRank": 3938,
    "arousalRank": 7707,
    "valenceValue": 2.81237885397,
    "arousalValue": 3.37739469447,
    "valenceVariance": 0.117283411071,
    "arousalVariance": 0.134904897127
}