{
    "id": 408,
    "set": 0,
    "name": "ACCEDE00408.mp4",
    "valenceRank": 2833,
    "arousalRank": 1138,
    "valenceValue": 2.48268967097,
    "arousalValue": 1.40070425204,
    "valenceVariance": 0.120499347246,
    "arousalVariance": 0.130615483878
}