{
    "id": 603,
    "set": 2,
    "name": "ACCEDE00603.mp4",
    "valenceRank": 9643,
    "arousalRank": 5212,
    "valenceValue": 3.56995565601,
    "arousalValue": 2.32592463329,
    "valenceVariance": 0.152325604852,
    "arousalVariance": 0.166469517031
}