{
    "id": 41,
    "set": 1,
    "name": "ACCEDE00041.mp4",
    "valenceRank": 2012,
    "arousalRank": 7603,
    "valenceValue": 2.18158953464,
    "arousalValue": 3.3262097872,
    "valenceVariance": 0.113151869402,
    "arousalVariance": 0.135772425049
}