{
    "id": 14,
    "set": 1,
    "name": "ACCEDE00014.mp4",
    "valenceRank": 6669,
    "arousalRank": 8107,
    "valenceValue": 3.25607518127,
    "arousalValue": 3.58022354865,
    "valenceVariance": 0.10434670445,
    "arousalVariance": 0.134699007421
}