{
    "id": 869,
    "set": 2,
    "name": "ACCEDE00869.mp4",
    "valenceRank": 304,
    "arousalRank": 7385,
    "valenceValue": 1.46083687199,
    "arousalValue": 3.22099491806,
    "valenceVariance": 0.0988484904522,
    "arousalVariance": 0.138361381033
}