{
    "id": 34,
    "set": 1,
    "name": "ACCEDE00034.mp4",
    "valenceRank": 4077,
    "arousalRank": 5741,
    "valenceValue": 2.84709686996,
    "arousalValue": 2.51809539146,
    "valenceVariance": 0.116321140032,
    "arousalVariance": 0.163569027396
}