{
    "id": 399,
    "set": 0,
    "name": "ACCEDE00399.mp4",
    "valenceRank": 5419,
    "arousalRank": 6633,
    "valenceValue": 3.10781746194,
    "arousalValue": 2.87963052011,
    "valenceVariance": 0.108068950605,
    "arousalVariance": 0.151042148607
}