{
    "id": 424,
    "set": 0,
    "name": "ACCEDE00424.mp4",
    "valenceRank": 1141,
    "arousalRank": 7682,
    "valenceValue": 1.82397862122,
    "arousalValue": 3.36503220484,
    "valenceVariance": 0.0975575948383,
    "arousalVariance": 0.135088101551
}