{
    "id": 604,
    "set": 2,
    "name": "ACCEDE00604.mp4",
    "valenceRank": 7620,
    "arousalRank": 734,
    "valenceValue": 3.34164532991,
    "arousalValue": 1.3624723487,
    "valenceVariance": 0.100843340282,
    "arousalVariance": 0.152279702947
}