{
    "id": 23,
    "set": 1,
    "name": "ACCEDE00023.mp4",
    "valenceRank": 4952,
    "arousalRank": 4792,
    "valenceValue": 3.03154630244,
    "arousalValue": 2.18514147554,
    "valenceVariance": 0.110350396816,
    "arousalVariance": 0.165776295198
}