{
    "id": 404,
    "set": 0,
    "name": "ACCEDE00404.mp4",
    "valenceRank": 2674,
    "arousalRank": 3210,
    "valenceValue": 2.4277646186,
    "arousalValue": 1.74855076249,
    "valenceVariance": 0.119858462497,
    "arousalVariance": 0.140575569328
}