{
    "id": 871,
    "set": 2,
    "name": "ACCEDE00871.mp4",
    "valenceRank": 6297,
    "arousalRank": 7167,
    "valenceValue": 3.21844276172,
    "arousalValue": 3.11859180356,
    "valenceVariance": 0.105418254081,
    "arousalVariance": 0.141690581527
}