{
    "id": 421,
    "set": 0,
    "name": "ACCEDE00421.mp4",
    "valenceRank": 880,
    "arousalRank": 9279,
    "valenceValue": 1.7118989857,
    "arousalValue": 4.22901436533,
    "valenceVariance": 0.0942043795174,
    "arousalVariance": 0.176853412037
}