{
    "id": 42,
    "set": 1,
    "name": "ACCEDE00042.mp4",
    "valenceRank": 1219,
    "arousalRank": 6456,
    "valenceValue": 1.85714156588,
    "arousalValue": 2.80414711697,
    "valenceVariance": 0.0988779472519,
    "arousalVariance": 0.154064671872
}