{
    "id": 430,
    "set": 0,
    "name": "ACCEDE00430.mp4",
    "valenceRank": 8873,
    "arousalRank": 3487,
    "valenceValue": 3.46694197086,
    "arousalValue": 1.81430191688,
    "valenceVariance": 0.112597643179,
    "arousalVariance": 0.147035801403
}