{
    "id": 875,
    "set": 2,
    "name": "ACCEDE00875.mp4",
    "valenceRank": 1873,
    "arousalRank": 9238,
    "valenceValue": 2.12672197056,
    "arousalValue": 4.20494598938,
    "valenceVariance": 0.110949917743,
    "arousalVariance": 0.174181508535
}