{
    "id": 9,
    "set": 1,
    "name": "ACCEDE00009.mp4",
    "valenceRank": 4558,
    "arousalRank": 2969,
    "valenceValue": 2.95559844032,
    "arousalValue": 1.69503789979,
    "valenceVariance": 0.112875235247,
    "arousalVariance": 0.134693220906
}