{
    "id": 40,
    "set": 1,
    "name": "ACCEDE00040.mp4",
    "valenceRank": 2872,
    "arousalRank": 3165,
    "valenceValue": 2.49589155632,
    "arousalValue": 1.73829781688,
    "valenceVariance": 0.120602675307,
    "arousalVariance": 0.139486696249
}