{
    "id": 627,
    "set": 2,
    "name": "ACCEDE00627.mp4",
    "valenceRank": 2450,
    "arousalRank": 6950,
    "valenceValue": 2.34749281668,
    "arousalValue": 3.01945086537,
    "valenceVariance": 0.118326962744,
    "arousalVariance": 0.145415289733
}