{
    "id": 416,
    "set": 0,
    "name": "ACCEDE00416.mp4",
    "valenceRank": 1061,
    "arousalRank": 9726,
    "valenceValue": 1.78979447602,
    "arousalValue": 4.49787136923,
    "valenceVariance": 0.0963258076065,
    "arousalVariance": 0.211114075469
}