{
    "id": 429,
    "set": 0,
    "name": "ACCEDE00429.mp4",
    "valenceRank": 6343,
    "arousalRank": 5434,
    "valenceValue": 3.2233245791,
    "arousalValue": 2.40455479941,
    "valenceVariance": 0.105295325449,
    "arousalVariance": 0.165745698057
}