{
    "id": 3,
    "set": 1,
    "name": "ACCEDE00003.mp4",
    "valenceRank": 7584,
    "arousalRank": 5615,
    "valenceValue": 3.3384607354,
    "arousalValue": 2.47082101191,
    "valenceVariance": 0.100952878594,
    "arousalVariance": 0.164621475046
}