{
    "id": 412,
    "set": 0,
    "name": "ACCEDE00412.mp4",
    "valenceRank": 679,
    "arousalRank": 6366,
    "valenceValue": 1.62468467318,
    "arousalValue": 2.76647659226,
    "valenceVariance": 0.0934424612062,
    "arousalVariance": 0.1555295507
}