{
    "id": 5,
    "set": 1,
    "name": "ACCEDE00005.mp4",
    "valenceRank": 3098,
    "arousalRank": 2921,
    "valenceValue": 2.57023116189,
    "arousalValue": 1.68479010416,
    "valenceVariance": 0.120812803423,
    "arousalVariance": 0.13351952032
}