{
    "id": 461,
    "set": 0,
    "name": "ACCEDE00461.mp4",
    "valenceRank": 8292,
    "arousalRank": 9059,
    "valenceValue": 3.40415081604,
    "arousalValue": 4.10103194002,
    "valenceVariance": 0.101732103756,
    "arousalVariance": 0.163504540671
}