{
    "id": 38,
    "set": 1,
    "name": "ACCEDE00038.mp4",
    "valenceRank": 2799,
    "arousalRank": 4034,
    "valenceValue": 2.47109257767,
    "arousalValue": 1.95747628807,
    "valenceVariance": 0.12039226755,
    "arousalVariance": 0.157686149251
}