{
    "id": 459,
    "set": 0,
    "name": "ACCEDE00459.mp4",
    "valenceRank": 9042,
    "arousalRank": 5549,
    "valenceValue": 3.48740527561,
    "arousalValue": 2.44643311069,
    "valenceVariance": 0.118610136926,
    "arousalVariance": 0.165085456666
}