{
    "id": 865,
    "set": 2,
    "name": "ACCEDE00865.mp4",
    "valenceRank": 7302,
    "arousalRank": 7840,
    "valenceValue": 3.31366073125,
    "arousalValue": 3.44378478535,
    "valenceVariance": 0.10198874697,
    "arousalVariance": 0.134231649317
}