{
    "id": 878,
    "set": 2,
    "name": "ACCEDE00878.mp4",
    "valenceRank": 7266,
    "arousalRank": 3230,
    "valenceValue": 3.31049272515,
    "arousalValue": 1.75314608441,
    "valenceVariance": 0.102132539415,
    "arousalVariance": 0.14105694981
}