{
    "id": 49,
    "set": 1,
    "name": "ACCEDE00049.mp4",
    "valenceRank": 3890,
    "arousalRank": 1995,
    "valenceValue": 2.80003501097,
    "arousalValue": 1.51377417745,
    "valenceVariance": 0.117602993337,
    "arousalVariance": 0.116619433915
}