{
    "id": 629,
    "set": 2,
    "name": "ACCEDE00629.mp4",
    "valenceRank": 7327,
    "arousalRank": 8885,
    "valenceValue": 3.31585844039,
    "arousalValue": 4.00183753246,
    "valenceVariance": 0.101889507319,
    "arousalVariance": 0.154712878858
}