{
    "id": 403,
    "set": 0,
    "name": "ACCEDE00403.mp4",
    "valenceRank": 409,
    "arousalRank": 7821,
    "valenceValue": 1.5067929079,
    "arousalValue": 3.43423641102,
    "valenceVariance": 0.0962743245572,
    "arousalVariance": 0.134294831941
}