{
    "id": 615,
    "set": 2,
    "name": "ACCEDE00615.mp4",
    "valenceRank": 2408,
    "arousalRank": 1491,
    "valenceValue": 2.33208077089,
    "arousalValue": 1.44201490441,
    "valenceVariance": 0.117955333415,
    "arousalVariance": 0.119741166338
}