{
    "id": 861,
    "set": 2,
    "name": "ACCEDE00861.mp4",
    "valenceRank": 9315,
    "arousalRank": 6725,
    "valenceValue": 3.52292070717,
    "arousalValue": 2.91959693828,
    "valenceVariance": 0.131505464599,
    "arousalVariance": 0.149420235884
}