{
    "id": 27,
    "set": 1,
    "name": "ACCEDE00027.mp4",
    "valenceRank": 3625,
    "arousalRank": 2489,
    "valenceValue": 2.7286032322,
    "arousalValue": 1.59869416248,
    "valenceVariance": 0.119186136156,
    "arousalVariance": 0.123622468318
}