{
    "id": 877,
    "set": 2,
    "name": "ACCEDE00877.mp4",
    "valenceRank": 3728,
    "arousalRank": 9777,
    "valenceValue": 2.75702732508,
    "arousalValue": 4.52929766511,
    "valenceVariance": 0.118613335567,
    "arousalVariance": 0.215586441826
}