{
    "id": 409,
    "set": 0,
    "name": "ACCEDE00409.mp4",
    "valenceRank": 4263,
    "arousalRank": 5548,
    "valenceValue": 2.89117669078,
    "arousalValue": 2.44606557906,
    "valenceVariance": 0.114984087238,
    "arousalVariance": 0.165092014922
}