{
    "id": 8,
    "set": 1,
    "name": "ACCEDE00008.mp4",
    "valenceRank": 6817,
    "arousalRank": 3895,
    "valenceValue": 3.27006793481,
    "arousalValue": 1.919416089,
    "valenceVariance": 0.10385346409,
    "arousalVariance": 0.155312628013
}