{
    "id": 624,
    "set": 2,
    "name": "ACCEDE00624.mp4",
    "valenceRank": 4036,
    "arousalRank": 9074,
    "valenceValue": 2.83701493049,
    "arousalValue": 4.10966704837,
    "valenceVariance": 0.116609699441,
    "arousalVariance": 0.164336489102
}