{
    "id": 439,
    "set": 0,
    "name": "ACCEDE00439.mp4",
    "valenceRank": 928,
    "arousalRank": 6647,
    "valenceValue": 1.73262397921,
    "arousalValue": 2.8856800623,
    "valenceVariance": 0.094658105618,
    "arousalVariance": 0.150796991299
}