{
    "id": 20,
    "set": 1,
    "name": "ACCEDE00020.mp4",
    "valenceRank": 3782,
    "arousalRank": 4527,
    "valenceValue": 2.77159414546,
    "arousalValue": 2.10168396388,
    "valenceVariance": 0.118289822494,
    "arousalVariance": 0.163929060244
}