{
    "id": 35,
    "set": 1,
    "name": "ACCEDE00035.mp4",
    "valenceRank": 504,
    "arousalRank": 867,
    "valenceValue": 1.54833683324,
    "arousalValue": 1.37399235364,
    "valenceVariance": 0.0946900920024,
    "arousalVariance": 0.144108230553
}