{
    "id": 18,
    "set": 1,
    "name": "ACCEDE00018.mp4",
    "valenceRank": 8930,
    "arousalRank": 16,
    "valenceValue": 3.47372019607,
    "arousalValue": 1.31835705816,
    "valenceVariance": 0.114462972753,
    "arousalVariance": 0.211565432379
}