{
    "id": 860,
    "set": 2,
    "name": "ACCEDE00860.mp4",
    "valenceRank": 5668,
    "arousalRank": 4257,
    "valenceValue": 3.14306189513,
    "arousalValue": 2.02092496913,
    "valenceVariance": 0.107167709563,
    "arousalVariance": 0.160946926504
}