{
    "id": 419,
    "set": 0,
    "name": "ACCEDE00419.mp4",
    "valenceRank": 469,
    "arousalRank": 8499,
    "valenceValue": 1.5330368835,
    "arousalValue": 3.78818011831,
    "valenceVariance": 0.095194471816,
    "arousalVariance": 0.140940966004
}