{
    "id": 423,
    "set": 0,
    "name": "ACCEDE00423.mp4",
    "valenceRank": 112,
    "arousalRank": 8727,
    "valenceValue": 1.376811729,
    "arousalValue": 3.91331622796,
    "valenceVariance": 0.105920881034,
    "arousalVariance": 0.148119251433
}