{
    "id": 411,
    "set": 0,
    "name": "ACCEDE00411.mp4",
    "valenceRank": 645,
    "arousalRank": 8836,
    "valenceValue": 1.60987564107,
    "arousalValue": 3.97422672285,
    "valenceVariance": 0.0935294329366,
    "arousalVariance": 0.152525677564
}